{
	"lives": 3,
	"categories": [
		{
			"questions": [
				{
					"question": "Για να φτιάξεις ζυμαρικά, χρειάζεσαι:",
					"choices": [
						"σιτηρά",
						"φρούτα",
						"ζάχαρα"
					],
					"answer": 0,
					"image": "/assets/images_questions/pasta_making.jpg",
					"answer_image": "grain-to-pasta.jpg",
					"hqExist": true,
					"helpQuestion": "Θα χρησιμοποιούσαμε φρούτα σε μια συνταγή ζυμαρικών;"
				},
				{
					"question": "Για να φτιάξετε ψωμί ή πίτσα σίγουρα τα χρειάζεσαι:",
					"choices": [
						"νερό και αλάτι",
						"νερό, αλάτι, αλεύρι και μαγιά",
						"νερό, ζάχαρη, γάλα και μαγιά"
					],
					"answer": 1,
					"image": "/assets/images_questions/pasta.png",
					"answer_image": "pasta.jpg",
					"hqExist": true,
					"helpQuestion": "Σου φαίνετααι πως είναι το γάλα συστατικό του ψωμιού;"
				},
				{
					"question": "Το λάδι παράγεται:",
					"choices": [
						"από το πάτημα εξωτικών λίθων φρούτων",
						"από τη συμπίεση των σταφυλιών",
						"από τη συμπίεση των ελιών"
					],
					"answer": 2,
					"image": "/assets/images_questions/oil-to-salad.png",
					"answer_image": "olives.jpg",
					"hqExist": true,
					"helpQuestion": "Σκέψου εκείνα τα δέντρα που είναι τόσο συνηθισμένα στη Μεσόγειο;"
				},
				{
					"question": "Σε ποια κατηγορία ανήκει το ρύζι;",
					"choices": [
						"στα δημητριακά",
						"στα λαχανικά",
						"στους σπόρος"
					],
					"answer": 0,
					"image": "/assets/images_questions/question.png",
					"answer_image": "cereals.jpg",
					"hqExist": true,
					"helpQuestion": "Π.χ. σκέψου ότι η οικογένεια των λαχανικών περιλαμβάνει αγγούρια κολοκυθάκια μαρούκια"
				},
				{
					"question": "Το βούτυρο αποτελείται κυρίως από;",
					"choices": [
						"λιπαρά",
						"κομπόστα φρούτων",
						"σάκχαρα"
					],
					"answer": 0,
					"image": "/assets/images_questions/butters.png",
					"answer_image": "cereals.jpg",
					"hqExist": true,
					"helpQuestion": "Για παράδειγμα, το βούτυρο είναι το κύριο συστατικό του φυστικοβούτυρου και το κάνει πλούσιο σε; "
				},
				{
					"question": "Ποιο συστατικό συμβάλλει πολύ στη γεύση και την υφή των κρουασάν, των σοκολατένιων μπισκότων; ",
					"choices": [
						"το γάλα",
						"το βούτυρο",
						"τα αυγά"
					],
					"answer": 1,
					"image": "/assets/images_questions/croissant-biscuits.png",
					"answer_image": "cereals.jpg",
					"hqExist": true,
					"helpQuestion": "Η ζάχαρη τα κάνει γλυκά, αλλά τι τους δίνει κρεμώδη γεύση και υφή;"
				}

			]
		},

		{
			"questions": [
				{
					"question": "Μεταξύ των επόμενων ομάδων τροφών, ποια είναι αυτά που ωριμάζουν φυσικά και καταναλώνονται το χειμώνα;",
					"choices": [
						"μπρόκολο - λωτούς - πορτοκάλια",
						"ντομάτα - κολοκυθάκια - πράσινα φασόλια",
						"Φράουλες - μήλα - σπανάκι"
					],
					"answer": 0,
					"image": "/assets/images_questions/seasonality-circle.png",
					"answer_image": "placeholder-answer.png",
					"hqExist": true,
					"helpQuestion": "Το χειμώνα θα προτιμούσες μια σαλάτα από μπρόκολο ή από ντομάτες;"
				},
				{
					"question": "Μεταξύ των αναφερόμενων τροφίμων, ποια είναι αυτά που ωριμάζουν φυσικά και καταναλώνονται το καλοκαίρι;",
					"choices": [
						"λωτός - μαύρο λάχανο - γκρέιπφρουτ",
						"Μπρόκολο - αχλάδια - κολοκύθα",
						"μελιτζάνες - ντομάτα - καρπούζι"
					],
					"answer": 2,
					"image": "/assets/images_questions/seasonality-circle.png",
					"answer_image": "placeholder-answer.png",
					"hqExist": true,
					"helpQuestion": "Τον Αύγουστο θα σκεφτοσουν μια σαλάτα από με ντομάτες ή με μπρόκολα;"
				},
				{
					"question": "Μεταξύ των επόμενων ομάδων τροφών, ποια είναι αυτά που ωριμάζουν φυσικά και καταναλώνονται το φθινόπωρο;",
					"choices": [
						"βερίκοκα - φραγκοσυκιές - ροδάκινα",
						"κολοκύθα - κάστανο - μανιτάρια",
						"Κολοκύθι - βερίκοκα - φραγκοσυκιές"
					],
					"answer": 1,
					"image": "/assets/images_questions/seasonality-circle.png",
					"answer_image": "placeholder-answer.png"
				},
				{
					"question": "Μεταξύ των επόμενων ομάδων τροφών, ποια είναι αυτά που ωριμάζουν φυσικά και καταναλώνονται την άνοιξη;",
					"choices": [
						"Φράουλες - αγκινάρες - σπαράγγια",
						"Κεράσια - καρπούζι - γογγύλια",
						"Πιπεριές - μελιτζάνες - κουνουπίδια"
					],
					"answer": 0,
					"image": "/assets/images_questions/seasonality-circle.png",
					"answer_image": "placeholder-answer.png"
				},
				{
					"question": "Από πού προήλθε το ρύζι; Πού καλλιεργείται;",
					"choices": [
						"από την Ελλάδα",
						"από το εξωτερικό",
						"από την Ελλάδα και το εξωτερικό"
					],
					"answer": 2,
					"image": "/assets/images_questions/rice-varieties.jpg",
					"answer_image": "placeholder-answer.png",
					"hqExist": true,
					"helpQuestion": "Θα συμφωνούσες ότι το ρύζι είναι 'παγκόσμιο' τρόφιμο;"
				},
				{
					"question": "Είναι κατάλληλο να τρώμε και καλοκαιρινά λαχανικά και το χειμώνα;",
					"choices": [
						"Όχι, γιατί το χειμώνα χρειαζόμαστε πλούσια σε πρωτεΐνες λαχανικά",
						"Ναι, γιατί ο τρόπος που ζούμε επηρεάζει τη διατροφή μας",
						"Είναι αδιάφορο γιατί τα λαχανικά είναι πάντα καλά για εσάς"
					],
					"answer": 0,
					"image": "/assets/images_questions/seasonality-circle.png",
					"answer_image": "placeholder-answer.png"
				},
				{
					"question": "Τι είδους φρέσκα φρούτα και καρπούς μπορείτε να φάτε το καλοκαίρι;",
					"choices": [
						"Καρπούζι - πεπόνι - μούρα - κεράσια - φράουλες",
						"καρύδια - φιστίκια - κάσιους - μήλα - αχλάδια",
						"αμύγδαλα - φιστίκια - σπόροι κολοκύθας"
					],
					"answer": 0,
					"image": "/assets/images_questions/seasonality-circle.png",
					"answer_image": "placeholder-answer.png"
				},
				{
					"question": "Τι φρούτα μπορείτε να φάτε το χειμώνα;",
					"choices": [
						"ακτινίδιο - μπανάνες - μήλα - αχλάδια - πορτοκάλια",
						"σταφύλια - μπανάνες - μήλα - αχλάδια - λωτού",
						"Πορτοκάλια - μανταρίνια / μανταρίνια - γκρέιπφρουτ - μήλα - αχλάδια - ακτινίδια"
					],
					"answer": 2,
					"image": "/assets/images_questions/seasonality-circle.png",
					"answer_image": "placeholder-answer.png"
				},
				{
					"question": "Τα κολοκυθάκια είναι ένα τυπικό λαχανικό:",
					"choices": [
						"κατά τον χειμώνα",
						"κατά την άνοιξη",
						"κατά το καλοκαίρι"
					],
					"answer": 2,
					"image": "/assets/images_questions/seasonality-circle.png",
					"answer_image": "placeholder-answer.png"
				},
				{
					"question": "Τα εσπεριδοειδή τρώγονται καλύτερα:",
					"choices": [
						"το καλοκαίρι",
						"το χειμώνα",
						"το φθινόπωρο"	
					],
					"answer": 1,
					"image": "/assets/images_questions/seasonality-circle.png",
					"answer_image": "placeholder-answer.png"
				}
			]
		},
		


		{
			"questions": [
				{
					"question": "Τι θρεπτικά συστατικά παρέχουν κυρίως το κρέας και τα ψάρια;",
					"choices": [
						"πρωτεΐνες",
						"ανόργανα άλατα",
						"ανόργανα άλατα και πρωτεΐνες"
					],
					"answer": 2,
					"image": "/assets/images_questions/food-pyramid.png",
					"answer_image": "answer1.png"
				},
				{
					"question": "Ποια είναι η κύρια συμβολή του κρέατος στη διατροφή των ανθρώπων;",
					"choices": [
						"βοηθά τα κύτταρα του σώματός να αναπαράγονται",
						"παρέχει τις απαραίτητες πρωτεΐνες για την ανάπτυξη των μυών",
						"παρέχει τις θερμίδες που απαιτούνται για την παραγωγή ενέργεια"
					],
					"answer": 1,
					"image": "/assets/images_questions/food-pyramid.png",
					"answer_image": "answer1.png"
				},
				{
					"question": "Τα λαχανικά είναι ένα φαγητό που πρέπει πάντα να υπάρχει στην ανθρώπινη διατροφή, γιατί;",
					"choices": [
						"είναι εύπεπτα",
						"είναι πλούσια σε μέταλλα και βιταμίνες",
						"είναι πάντα διαθέσιμοι σε εμάς γιατί καλλιεργούνται επίσης το χειμώνα σε θερμοκήπια"
					],
					"answer": 1,
					"image": "/assets/images_questions/food-pyramid.png",
					"answer_image": "answer1.png"
				},
				{
					"question": "Τι δείχνει η τροφική πυραμίδα;",
					"choices": [
						"Ένας τρόπος να φτιάξεις φαγητό",
						"το γράφημα που περιγράφει πώς οι οργανισμοί εξαρτώνται ο ένας από τον άλλο για τα τρόφιμα (φυτά, φυτοφάγα, σαρκοφάγα)",
						"η γραφική παράσταση μιας προτεινόμενης ισορροπημένης διατροφής"
					],
					"answer": 2,
					"image": "/assets/images_questions/food-pyramid.png",
					"answer_image": "answer1.png"
				},
				{
					"question": "Τι εννοούμε με τον όρο 'διατροφή'",
					"choices": [
						"ο τρόπος μαγειρέματος φαγητού για να είναι καλό και θρεπτικό",
						"η πρόσληψη από το σώμα τροφής απαραίτητης για τον μεταβολισμό και τις καθημερινές ζωτικές λειτουργίες της",
						"τις διάφορες δίαιτες για απώλεια βάρους"
					],
					"answer": 1,
					"image": "/assets/images_questions/food-pyramid.png",
					"answer_image": "placeholder-answer.png"
				},
				{
					"question": "Ποια ουσία δεν είναι θρεπτική;",
					"choices": [
						"νερό",
						"λιπαρά",
						"διοξείδιο του άνθρακα"
					],
					"answer": 2,
					"image": "/assets/images_questions/food-pyramid.png",
					"answer_image": "placeholder-answer.png"
				},
				{
					"question": "Ποια είναι η λειτουργία των υδατανθράκων (ψωμί, ζυμαρικά κ.λπ.) για το σώμα;",
					"choices": [
						"ρυθμιστική λειτουργία",
						"προστατευτική λειτουργία",
						"παροχή ενέργειας"
					],
					"answer": 2,
					"image": "/assets/images_questions/food-pyramid.png",
					"answer_image": "placeholder-answer.png"
				},
				{
					"question": "Ποιά τροφή δεν περιέχει υδατάνθρακες ή σάκχαρα;",
					"choices": [
						"ζυμαρικά",
						"φασόλια",
						"ελαιόλαδο"
					],
					"answer": 2,
					"image": "/assets/images_questions/food-pyramid.png",
					"answer_image": "placeholder-answer.png"
				},
				{
					"question": "Ποιο είναι το όνομα των σακχάρων στις πατάτες;",
					"choices": [
						"φρουκτόζη",
						"άμυλο",
						"σακχαρόζη"
					],
					"answer": 1,
					"image": "/assets/images_questions/food-pyramid.png",
					"answer_image": "placeholder-answer.png"
				},
				{
					"question": "Ποιο είναι το επίσημο όνομα της επιτραπέζιας ζάχαρης;",
					"choices": [
						"γλυκόζη",
						"σακχαρόζη",
						"φρουκτόζη"
					],
					"answer": 1,
					"image": "/assets/images_questions/food-pyramid.png",
					"answer_image": "placeholder-answer.png"
				},
				{
					"question": "Ποια είναι η κύρια λειτουργία των πρωτεϊνών;",
					"choices": [
						"παροχή ενέργειας",
						"προστατευτικός για το σώμα",
						"συνθετική λειτουργία"
					],
					"answer": 2,
					"image": "/assets/images_questions/food-pyramid.png",
					"answer_image": "placeholder-answer.png"
				},
				{
					"question": "Ποια τροφή δεν παρέχει πρωτεΐνες;",
					"choices": [
						"το γάλα",
						"το ψάρι",
						"το κρασί"
					],
					"answer": 2,
					"image": "/assets/images_questions/food-pyramid.png",
					"answer_image": "placeholder-answer.png"
				},
				{
					"question": "Σε ποιες τροφές βρίσκουμε πρωτεΐνες;",
					"choices": [
						"στο νερό",
						"σε κρέας και αυγά",
						"στο γάλα, το κρέας, τα ψάρια, τα αυγά και τα όσπρια"
					],
					"answer": 2,
					"image": "/assets/images_questions/food-pyramid.png",
					"answer_image": "placeholder-answer.png"
				},
				{
					"question": "Είναι το φαγητό κυρίως πηγή θερμίδων για εμάς;",
					"choices": [
						"ναι αυτό είναι το πιο σημαντικό που μας δίνει!",
						"ναι, φαγητό και λίγο νερό είναι αρκετά για να ζήσεις!",
						"Όχι, τα τρόφιμα παρέχουν στο σώμα μας διάφορα αναγκαία θρεπτικά συστατικά (πρωτεΐνες, λίπη, υδατάνθρακες, βιταμίνες και μέταλλα)"
					],
					"answer": 2,
					"image": "/assets/images_questions/food-pyramid.png",
					"answer_image": "placeholder-answer.png"
				}
			]
		},


		{
			"questions": [
				{
					"question": "Ποια κατηγορία λιπαρών κατασκευάζεται κυρίως τεχνητά;",
					"choices": [
						"Trans",
						"Κορεσμένα",
						"Ακόρεστα"
					],
					"answer": 0,
					"image": "/assets/images_questions/all-fats.png",
					"answer_image": "answer-fats-1.jpg"
				},
				{
					"question": "Είναι όλα τα λίπη κακά για την υγεία μας;",
					"choices": [
						"Ναι όλα είναι άχρηστα",
						"Όχι, μερικά από αυτά αποτελούν ουσιαστικό μέρος μιας ισορροπημένης διατροφής",
						"Όχι όλα είναι σημαντικά"
					],
					"answer": 1,
					"image": "/assets/images_questions/all-fats.png",
					"answer_image": "answer-fats-2.jpg"
				},
				{
					"question": "Μπορούμε να πούμε ότι όλες οι σαλάτες είναι υγιεινές;",
					"choices": [
						"Ναι σίγουρα όλες οι σαλάτες είναι καλές, γιατί τα λαχανικά είναι πάντα καλά για εσάς!",
						"Όλες οι σαλάτες είναι πολύ θρεπτικές, απλά αρκεί να μην προσθέτετε πολύ αλάτι",
						"Όχι, είναι σύνηθες σε διάφορες σαλάτες να προσθέτουμε τόσα πολλά μη-υγιεινά συστατικά"
					],
					"answer": 2,
					"image": "/assets/images_questions/salads_variety.png",
					"answer_image": "answer-fats-2.jpg"
				},
				{
					"question": "Οι άνθρωποι κυρίως ακολουθούν διατροφές με σκοπό να χάσουν βάρος;",
					"choices": [
						"Ναι, αυτός είναι ο φυσιολογικός τρόπος",
						"Όχι πάντα, ορισμένες διατροφές δεν έχουν σχεδιαστεί για να χάνεις βάρος",
						"Το να κάνεις διατροφή γενικά δεν είναι καλή ιδέα"
					],
					"answer": 1,
					"image": "/assets/images_questions/weightloss-diet.jpg",
					"answer_image": "answer-fats-2.jpg"
				}
			]
		}
	]
}