{
	"lives": 3,
	"categories": [
		{
			"questions": [
				{
					"question": "Makes your salad omega-3 rich?",
					"choices": [
						"Mayonnaise",
						"Tuna",
						"Sunflower Oil"
					],
					"answer": 1,
					"image": "/assets/images_questions/salad.png",
					"answer_image": "salad.jpg"
				},
				{
					"question": "Choose the appropriate ingredient to add protein to your pasta without so much fat?",
					"choices": [
						"Tuna",
						"Grated cheese",
						"Μinced pork"
					],
					"answer": 1,
					"image": "/assets/images_questions/pasta.png",
					"answer_image": "pasta.jpg"
				}

			]
		},
		{
			"questions": [
				{
					"question": "High in fat due to?",
					"choices": [
						"Boiling",
						"Frying",
						"Raw"
					],
					"answer": 1,
					"image": "/assets/images_questions/fish-chips-icon.png",
					"answer_image": "cd.png"
				},
				{
					"question": "One gram of protein provides us?",
					"choices": [
						"4 calories",
						"8 calories",
						"12 calories"
					],
					"answer": 0,
					"image": "/assets/images_questions/question.png",
					"answer_image": "protein-cal.png"
				}
			]
		},
		{
			"questions": [
				{
					"question": "Is the recipe NOT rich in:",
					"choices": [
						"Protein",
						"Oily Fat",
						"Vitamin C"
					],
					"answer": 2,
					"image": "/assets/images_questions/fish-chips-new.png",
					"answer_image": "answer1.png"
				},
				{
					"question": "Unprocessed red meats can be part of a healthy diet. Choose an appropriate meal",
					"choices": [
						"Hot Dog",
						"Lamb",
						"Sandwich with bacon"
					],
					"answer": 1,
					"image": "/assets/images_questions/unprocessed_red_meat.png",
					"answer_image": "unprocessed_red_meat_answer.JPG"
				}
			]
		},
		{
			"questions": [
				{
					"question": "Which category of fats are mostly artificially made?",
					"choices": [
						"Trans",
						"Saturated",
						"Unsaturated"
					],
					"answer": 0,
					"image": "/assets/images_questions/all-fats.png",
					"answer_image": "answer-fats-1.jpg"
				},
				{
					"question": "Are all fats bad for our health?",
					"choices": [
						"Yes all of them are useless",
						"No, some of them are an essential part of a balanced diet",
						"No all of them are important"
					],
					"answer": 1,
					"image": "/assets/images_questions/all-fats.png",
					"answer_image": "answer-fats-2.jpg"
				}
			]
		}
	]
}