{
	"frames": {
		"greenhood_idle_back_left": {
			"frame": {
				"x": 1,
				"y": 1,
				"w": 30,
				"h": 61
			},
			"rotated": false,
			"trimmed": true,
			"spriteSourceSize": {
				"x": 17,
				"y": 1,
				"w": 30,
				"h": 61
			},
			"sourceSize": {
				"w": 64,
				"h": 64
			}
		},
		"greenhood_idle_back_right": {
			"frame": {
				"x": 33,
				"y": 1,
				"w": 29,
				"h": 61
			},
			"rotated": false,
			"trimmed": true,
			"spriteSourceSize": {
				"x": 18,
				"y": 1,
				"w": 29,
				"h": 61
			},
			"sourceSize": {
				"w": 64,
				"h": 64
			}
		},
		"greenhood_idle_front_left": {
			"frame": {
				"x": 379,
				"y": 1,
				"w": 29,
				"h": 60
			},
			"rotated": false,
			"trimmed": true,
			"spriteSourceSize": {
				"x": 17,
				"y": 4,
				"w": 29,
				"h": 60
			},
			"sourceSize": {
				"w": 64,
				"h": 64
			}
		},
		"greenhood_idle_front_right": {
			"frame": {
				"x": 410,
				"y": 1,
				"w": 29,
				"h": 60
			},
			"rotated": false,
			"trimmed": true,
			"spriteSourceSize": {
				"x": 18,
				"y": 4,
				"w": 29,
				"h": 60
			},
			"sourceSize": {
				"w": 64,
				"h": 64
			}
		},
		"greenhood_walk_back_left_1": {
			"frame": {
				"x": 171,
				"y": 1,
				"w": 34,
				"h": 60
			},
			"rotated": false,
			"trimmed": true,
			"spriteSourceSize": {
				"x": 10,
				"y": 4,
				"w": 34,
				"h": 60
			},
			"sourceSize": {
				"w": 64,
				"h": 64
			}
		},
		"greenhood_walk_back_left_2": {
			"frame": {
				"x": 441,
				"y": 1,
				"w": 29,
				"h": 60
			},
			"rotated": false,
			"trimmed": true,
			"spriteSourceSize": {
				"x": 13,
				"y": 4,
				"w": 29,
				"h": 60
			},
			"sourceSize": {
				"w": 64,
				"h": 64
			}
		},
		"greenhood_walk_back_left_3": {
			"frame": {
				"x": 121,
				"y": 1,
				"w": 23,
				"h": 61
			},
			"rotated": false,
			"trimmed": true,
			"spriteSourceSize": {
				"x": 18,
				"y": 3,
				"w": 23,
				"h": 61
			},
			"sourceSize": {
				"w": 64,
				"h": 64
			}
		},
		"greenhood_walk_back_left_4": {
			"frame": {
				"x": 503,
				"y": 1,
				"w": 27,
				"h": 60
			},
			"rotated": false,
			"trimmed": true,
			"spriteSourceSize": {
				"x": 16,
				"y": 4,
				"w": 27,
				"h": 60
			},
			"sourceSize": {
				"w": 64,
				"h": 64
			}
		},
		"greenhood_walk_back_left_5": {
			"frame": {
				"x": 243,
				"y": 1,
				"w": 33,
				"h": 60
			},
			"rotated": false,
			"trimmed": true,
			"spriteSourceSize": {
				"x": 12,
				"y": 4,
				"w": 33,
				"h": 60
			},
			"sourceSize": {
				"w": 64,
				"h": 64
			}
		},
		"greenhood_walk_back_left_6": {
			"frame": {
				"x": 685,
				"y": 1,
				"w": 30,
				"h": 56
			},
			"rotated": false,
			"trimmed": true,
			"spriteSourceSize": {
				"x": 15,
				"y": 4,
				"w": 30,
				"h": 56
			},
			"sourceSize": {
				"w": 64,
				"h": 64
			}
		},
		"greenhood_walk_back_left_7": {
			"frame": {
				"x": 93,
				"y": 1,
				"w": 26,
				"h": 61
			},
			"rotated": false,
			"trimmed": true,
			"spriteSourceSize": {
				"x": 15,
				"y": 3,
				"w": 26,
				"h": 61
			},
			"sourceSize": {
				"w": 64,
				"h": 64
			}
		},
		"greenhood_walk_back_left_8": {
			"frame": {
				"x": 313,
				"y": 1,
				"w": 31,
				"h": 60
			},
			"rotated": false,
			"trimmed": true,
			"spriteSourceSize": {
				"x": 11,
				"y": 4,
				"w": 31,
				"h": 60
			},
			"sourceSize": {
				"w": 64,
				"h": 64
			}
		},
		"greenhood_walk_back_right_1": {
			"frame": {
				"x": 278,
				"y": 1,
				"w": 33,
				"h": 60
			},
			"rotated": false,
			"trimmed": true,
			"spriteSourceSize": {
				"x": 19,
				"y": 4,
				"w": 33,
				"h": 60
			},
			"sourceSize": {
				"w": 64,
				"h": 64
			}
		},
		"greenhood_walk_back_right_2": {
			"frame": {
				"x": 717,
				"y": 1,
				"w": 30,
				"h": 56
			},
			"rotated": false,
			"trimmed": true,
			"spriteSourceSize": {
				"x": 19,
				"y": 4,
				"w": 30,
				"h": 56
			},
			"sourceSize": {
				"w": 64,
				"h": 64
			}
		},
		"greenhood_walk_back_right_3": {
			"frame": {
				"x": 64,
				"y": 1,
				"w": 27,
				"h": 61
			},
			"rotated": false,
			"trimmed": true,
			"spriteSourceSize": {
				"x": 22,
				"y": 3,
				"w": 27,
				"h": 61
			},
			"sourceSize": {
				"w": 64,
				"h": 64
			}
		},
		"greenhood_walk_back_right_4": {
			"frame": {
				"x": 346,
				"y": 1,
				"w": 31,
				"h": 60
			},
			"rotated": false,
			"trimmed": true,
			"spriteSourceSize": {
				"x": 22,
				"y": 4,
				"w": 31,
				"h": 60
			},
			"sourceSize": {
				"w": 64,
				"h": 64
			}
		},
		"greenhood_walk_back_right_5": {
			"frame": {
				"x": 207,
				"y": 1,
				"w": 34,
				"h": 60
			},
			"rotated": false,
			"trimmed": true,
			"spriteSourceSize": {
				"x": 20,
				"y": 4,
				"w": 34,
				"h": 60
			},
			"sourceSize": {
				"w": 64,
				"h": 64
			}
		},
		"greenhood_walk_back_right_6": {
			"frame": {
				"x": 472,
				"y": 1,
				"w": 29,
				"h": 60
			},
			"rotated": false,
			"trimmed": true,
			"spriteSourceSize": {
				"x": 22,
				"y": 4,
				"w": 29,
				"h": 60
			},
			"sourceSize": {
				"w": 64,
				"h": 64
			}
		},
		"greenhood_walk_back_right_7": {
			"frame": {
				"x": 146,
				"y": 1,
				"w": 23,
				"h": 61
			},
			"rotated": false,
			"trimmed": true,
			"spriteSourceSize": {
				"x": 23,
				"y": 3,
				"w": 23,
				"h": 61
			},
			"sourceSize": {
				"w": 64,
				"h": 64
			}
		},
		"greenhood_walk_back_right_8": {
			"frame": {
				"x": 532,
				"y": 1,
				"w": 27,
				"h": 60
			},
			"rotated": false,
			"trimmed": true,
			"spriteSourceSize": {
				"x": 21,
				"y": 4,
				"w": 27,
				"h": 60
			},
			"sourceSize": {
				"w": 64,
				"h": 64
			}
		},
		"greenhood_walk_front_left_1": {
			"frame": {
				"x": 617,
				"y": 1,
				"w": 32,
				"h": 56
			},
			"rotated": false,
			"trimmed": true,
			"spriteSourceSize": {
				"x": 13,
				"y": 8,
				"w": 32,
				"h": 56
			},
			"sourceSize": {
				"w": 64,
				"h": 64
			}
		},
		"greenhood_walk_front_left_2": {
			"frame": {
				"x": 749,
				"y": 1,
				"w": 30,
				"h": 56
			},
			"rotated": false,
			"trimmed": true,
			"spriteSourceSize": {
				"x": 14,
				"y": 8,
				"w": 30,
				"h": 56
			},
			"sourceSize": {
				"w": 64,
				"h": 64
			}
		},
		"greenhood_walk_front_left_3": {
			"frame": {
				"x": 561,
				"y": 1,
				"w": 26,
				"h": 57
			},
			"rotated": false,
			"trimmed": true,
			"spriteSourceSize": {
				"x": 17,
				"y": 7,
				"w": 26,
				"h": 57
			},
			"sourceSize": {
				"w": 64,
				"h": 64
			}
		},
		"greenhood_walk_front_left_4": {
			"frame": {
				"x": 962,
				"y": 1,
				"w": 26,
				"h": 56
			},
			"rotated": false,
			"trimmed": true,
			"spriteSourceSize": {
				"x": 19,
				"y": 8,
				"w": 26,
				"h": 56
			},
			"sourceSize": {
				"w": 64,
				"h": 64
			}
		},
		"greenhood_walk_front_left_5": {
			"frame": {
				"x": 844,
				"y": 1,
				"w": 28,
				"h": 56
			},
			"rotated": false,
			"trimmed": true,
			"spriteSourceSize": {
				"x": 19,
				"y": 8,
				"w": 28,
				"h": 56
			},
			"sourceSize": {
				"w": 64,
				"h": 64
			}
		},
		"greenhood_walk_front_left_6": {
			"frame": {
				"x": 1019,
				"y": 1,
				"w": 25,
				"h": 55
			},
			"rotated": false,
			"trimmed": true,
			"spriteSourceSize": {
				"x": 19,
				"y": 8,
				"w": 25,
				"h": 55
			},
			"sourceSize": {
				"w": 64,
				"h": 64
			}
		},
		"greenhood_walk_front_left_7": {
			"frame": {
				"x": 904,
				"y": 1,
				"w": 27,
				"h": 56
			},
			"rotated": false,
			"trimmed": true,
			"spriteSourceSize": {
				"x": 17,
				"y": 7,
				"w": 27,
				"h": 56
			},
			"sourceSize": {
				"w": 64,
				"h": 64
			}
		},
		"greenhood_walk_front_left_8": {
			"frame": {
				"x": 1046,
				"y": 1,
				"w": 33,
				"h": 54
			},
			"rotated": false,
			"trimmed": true,
			"spriteSourceSize": {
				"x": 14,
				"y": 8,
				"w": 33,
				"h": 54
			},
			"sourceSize": {
				"w": 64,
				"h": 64
			}
		},
		"greenhood_walk_front_right_1": {
			"frame": {
				"x": 813,
				"y": 1,
				"w": 29,
				"h": 56
			},
			"rotated": false,
			"trimmed": true,
			"spriteSourceSize": {
				"x": 17,
				"y": 8,
				"w": 29,
				"h": 56
			},
			"sourceSize": {
				"w": 64,
				"h": 64
			}
		},
		"greenhood_walk_front_right_2": {
			"frame": {
				"x": 990,
				"y": 1,
				"w": 27,
				"h": 55
			},
			"rotated": false,
			"trimmed": true,
			"spriteSourceSize": {
				"x": 20,
				"y": 8,
				"w": 27,
				"h": 55
			},
			"sourceSize": {
				"w": 64,
				"h": 64
			}
		},
		"greenhood_walk_front_right_3": {
			"frame": {
				"x": 933,
				"y": 1,
				"w": 27,
				"h": 56
			},
			"rotated": false,
			"trimmed": true,
			"spriteSourceSize": {
				"x": 20,
				"y": 7,
				"w": 27,
				"h": 56
			},
			"sourceSize": {
				"w": 64,
				"h": 64
			}
		},
		"greenhood_walk_front_right_4": {
			"frame": {
				"x": 1081,
				"y": 1,
				"w": 33,
				"h": 54
			},
			"rotated": false,
			"trimmed": true,
			"spriteSourceSize": {
				"x": 17,
				"y": 8,
				"w": 33,
				"h": 54
			},
			"sourceSize": {
				"w": 64,
				"h": 64
			}
		},
		"greenhood_walk_front_right_5": {
			"frame": {
				"x": 651,
				"y": 1,
				"w": 32,
				"h": 56
			},
			"rotated": false,
			"trimmed": true,
			"spriteSourceSize": {
				"x": 19,
				"y": 8,
				"w": 32,
				"h": 56
			},
			"sourceSize": {
				"w": 64,
				"h": 64
			}
		},
		"greenhood_walk_front_right_6": {
			"frame": {
				"x": 781,
				"y": 1,
				"w": 30,
				"h": 56
			},
			"rotated": false,
			"trimmed": true,
			"spriteSourceSize": {
				"x": 20,
				"y": 8,
				"w": 30,
				"h": 56
			},
			"sourceSize": {
				"w": 64,
				"h": 64
			}
		},
		"greenhood_walk_front_right_7": {
			"frame": {
				"x": 589,
				"y": 1,
				"w": 26,
				"h": 57
			},
			"rotated": false,
			"trimmed": true,
			"spriteSourceSize": {
				"x": 21,
				"y": 7,
				"w": 26,
				"h": 57
			},
			"sourceSize": {
				"w": 64,
				"h": 64
			}
		},
		"greenhood_walk_front_right_8": {
			"frame": {
				"x": 874,
				"y": 1,
				"w": 28,
				"h": 56
			},
			"rotated": false,
			"trimmed": true,
			"spriteSourceSize": {
				"x": 19,
				"y": 8,
				"w": 28,
				"h": 56
			},
			"sourceSize": {
				"w": 64,
				"h": 64
			}
		}
	},
	"meta": {
		"app": "http://www.codeandweb.com/texturepacker",
		"version": "1.0",
		"image": "char.png",
		"format": "RGBA8888",
		"size": {
			"w": 1115,
			"h": 63
		},
		"scale": "1",
		"smartupdate": "$TexturePacker:SmartUpdate:6996414816f593aa277bd1f8e7cf0d0e:40db3eb5d98e60d1637e6f407facfa7e:e951557f161ea273eed4923d8dab8014$"
	}
}

