{
	"frames": [
		   {
		   "filename": "bush1",
			"frame": {
				"x": 134,
				"y": 2,
				"w": 64,
				"h": 50
			},
			"rotated": false,
			"trimmed": false,
			"spriteSourceSize": {
				"x": 0,
				"y": 0,
				"w": 64,
				"h": 50
			},
			"sourceSize": {
				"w": 64,
				"h": 50
			}
		},
		{
			"filename": "bush2",
			"frame": {
				"x": 68,
				"y": 2,
				"w": 64,
				"h": 50
			},
			"rotated": false,
			"trimmed": false,
			"spriteSourceSize": {
				"x": 0,
				"y": 0,
				"w": 64,
				"h": 50
			},
			"sourceSize": {
				"w": 64,
				"h": 50
			}
		},
		{
			"filename": "crab",
			"frame": {
				"x": 2,
				"y": 230,
				"w": 10,
				"h": 7
			},
			"rotated": false,
			"trimmed": false,
			"spriteSourceSize": {
				"x": 0,
				"y": 0,
				"w": 10,
				"h": 7
			},
			"sourceSize": {
				"w": 10,
				"h": 7
			}
		},
		{
			"filename": "grass",
			"frame": {
				"x": 134,
				"y": 93,
				"w": 64,
				"h": 37
			},
			"rotated": false,
			"trimmed": false,
			"spriteSourceSize": {
				"x": 0,
				"y": 0,
				"w": 64,
				"h": 37
			},
			"sourceSize": {
				"w": 64,
				"h": 37
			}
		},
		{
			"filename": "grasssand",
			"frame": {
				"x": 68,
				"y": 93,
				"w": 64,
				"h": 37
			},
			"rotated": false,
			"trimmed": false,
			"spriteSourceSize": {
				"x": 0,
				"y": 0,
				"w": 64,
				"h": 37
			},
			"sourceSize": {
				"w": 64,
				"h": 37
			}
		},
		{
			"filename": "mushroom",
			"frame": {
				"x": 2,
				"y": 168,
				"w": 64,
				"h": 60
			},
			"rotated": false,
			"trimmed": false,
			"spriteSourceSize": {
				"x": 0,
				"y": 0,
				"w": 64,
				"h": 60
			},
			"sourceSize": {
				"w": 64,
				"h": 60
			}
		},
		{
			"filename": "sand",
			"frame": {
				"x": 134,
				"y": 54,
				"w": 64,
				"h": 37
			},
			"rotated": false,
			"trimmed": false,
			"spriteSourceSize": {
				"x": 0,
				"y": 0,
				"w": 64,
				"h": 37
			},
			"sourceSize": {
				"w": 64,
				"h": 37
			}
		},
		{
			"filename":"sandstone",
			"frame": {
				"x": 68,
				"y": 54,
				"w": 64,
				"h": 37
			},
			"rotated": false,
			"trimmed": false,
			"spriteSourceSize": {
				"x": 0,
				"y": 0,
				"w": 64,
				"h": 37
			},
			"sourceSize": {
				"w": 64,
				"h": 37
			}
		},
		{
			"filename":"stone",
			"frame": {
				"x": 68,
				"y": 208,
				"w": 64,
				"h": 36
			},
			"rotated": false,
			"trimmed": false,
			"spriteSourceSize": {
				"x": 0,
				"y": 0,
				"w": 64,
				"h": 36
			},
			"sourceSize": {
				"w": 64,
				"h": 36
			}
		},
		{
			"filename":"wall",
			"frame": {
				"x": 2,
				"y": 85,
				"w": 64,
				"h": 81
			},
			"rotated": false,
			"trimmed": false,
			"spriteSourceSize": {
				"x": 0,
				"y": 0,
				"w": 64,
				"h": 81
			},
			"sourceSize": {
				"w": 64,
				"h": 81
			}
		},
		{
			"filename":"water",
			"frame": {
				"x": 68,
				"y": 170,
				"w": 64,
				"h": 36
			},
			"rotated": false,
			"trimmed": false,
			"spriteSourceSize": {
				"x": 0,
				"y": 0,
				"w": 64,
				"h": 36
			},
			"sourceSize": {
				"w": 64,
				"h": 36
			}
		},
		{
			"filename":"watersand",
			"frame": {
				"x": 68,
				"y": 132,
				"w": 64,
				"h": 36
			},
			"rotated": false,
			"trimmed": false,
			"spriteSourceSize": {
				"x": 0,
				"y": 0,
				"w": 64,
				"h": 36
			},
			"sourceSize": {
				"w": 64,
				"h": 36
			}
		},
		{
			"filename":"window",
			"frame": {
				"x": 2,
				"y": 2,
				"w": 64,
				"h": 81
			},
			"rotated": false,
			"trimmed": false,
			"spriteSourceSize": {
				"x": 0,
				"y": 0,
				"w": 64,
				"h": 81
			},
			"sourceSize": {
				"w": 64,
				"h": 81
			}
		},
		{
			"filename":"wood",
			"frame": {
				"x": 134,
				"y": 132,
				"w": 64,
				"h": 35
			},
			"rotated": false,
			"trimmed": false,
			"spriteSourceSize": {
				"x": 0,
				"y": 0,
				"w": 64,
				"h": 35
			},
			"sourceSize": {
				"w": 64,
				"h": 35
			}
		}
	],
	"meta": {
		"app": "http://www.codeandweb.com/texturepacker",
		"version": "1.0",
		"image": "tileset.png",
		"format": "RGBA5551",
		"size": {
			"w": 256,
			"h": 256
		},
		"scale": "1",
		"smartupdate": "$TexturePacker:SmartUpdate:682f909cd66baf330156be59a66e712b:3003e449284409367ce481c13a81bcfb:ace0e5e82375743ccde85e973fd84fb5$"
	}
}
