{ 
    "level1": [
        {
            "type": "image",
            "key": "empty",
            "url": "assets/tileset/empty.png",
            "overwrite": false
        },
        {
            "type": "image",
            "key": "quest",
            "url": "assets/tileset/path-recipe-step.png",
            "overwrite": false
        },
        {
            "type": "image",
            "key": "roadEW",
            "url": "assets/tileset/roadEW.png",
            "overwrite": false
        },
        {
            "type": "image",
            "key": "start",
            "url": "assets/tileset/start.png",
            "overwrite": false
        },
        {
            "type": "image",
            "key": "path-simple",
            "url": "assets/tileset/path-simple-bg.png",
            "overwrite": false
        },
        {
            "type": "image",
            "key": "path-q1",
            "url": "assets/tileset/path-quest-food-recipes.png",
            "overwrite": false
        },
        {
            "type": "image",
            "key": "path-q2",
            "url": "assets/tileset/path-quest-seasonality.png",
            "overwrite": false
        },
        {
            "type": "image",
            "key": "path-q3",
            "url": "assets/tileset/path-quest-principles.png",
            "overwrite": false
        },
        {
            "type": "image",
            "key": "path-q4",
            "url": "assets/tileset/path-quest-exchang.png",
            "overwrite": false
        },
        {
            "type": "image",
            "key": "path-cook-action",
            "url": "assets/tileset/path-cook-action.png",
            "overwrite": false
        },
        {
            "type": "image",
            "key": "path-shop-action",
            "url": "assets/tileset/path-shop-action.png",
            "overwrite": false
        },
        {
            "type": "image",
            "key": "target-1",
            "url": "assets/tileset/riverNE.png",
            "overwrite": false
        },
        {
            "type": "image",
            "key": "target-2-player",
            "url": "assets/tileset/riverNW.png",
            "overwrite": false
        },
        {
            "type": "image",
            "key": "target-3",
            "url": "assets/tileset/riverSW.png",
            "overwrite": false
        },
        {
            "type": "image",
            "key": "target-4-player",
            "url": "assets/tileset/riverES.png",
            "overwrite": false
        },
        {
            "type": "image",
            "key": "progress-1",
            "url": "assets/tileset/progressNE.png",
            "overwrite": false
        },
        {
            "type": "image",
            "key": "progress-2-player",
            "url": "assets/tileset/progressNW.png",
            "overwrite": false
        },
        {
            "type": "image",
            "key": "progress-3",
            "url": "assets/tileset/progressSW.png",
            "overwrite": false
        },
        {
            "type": "image",
            "key": "progress-4-player",
            "url": "assets/tileset/progressES.png",
            "overwrite": false
        },
        {
            "type": "image",
            "key": "close",
            "url": "assets/questions/x-mark.png",
            "overwrite": false
        },
        {
            "type": "image",
            "key": "red-mark",
            "url": "assets/robo-cook/red-mark-big.png",
            "overwrite": false
        },
        {
            "type": "image",
            "key": "blue-mark",
            "url": "assets/robo-cook/blue-mark-big.png",
            "overwrite": false
        },
        {
            "type": "image",
            "key": "green-mark",
            "url": "assets/robo-cook/green-mark-big.png",
            "overwrite": false
        },
        {
            "type": "image",
            "key": "yellow-mark",
            "url": "assets/robo-cook/yellow-mark-big.png",
            "overwrite": false
        },
        {
            "type": "spritesheet",
            "key": "clock-running",
            "url": "assets/questions/clock-running.png",
            "frameWidth": 414,
            "frameHeight": 255
        },
        {
            "type": "spritesheet",
            "key": "hourglass-anim",
            "url": "assets/questions/animhourglass.png",
            "frameWidth": 106.25,
            "frameHeight": 106
        },
        {
            "type": "json",
            "key": "mapdata",
            "url": "assets/isotiles-maps/board.json"
        }
    ],
    "meta": {
        "version": "1.0"
    }
}