{
    "images_questions": [
        {
            "type": "image",
            "key": "image_question_0_0",
            "url": "assets/images_questions/salad.png"
        },
        {
            "type": "image",
            "key": "image_answer_0_0",
            "url": "assets/images_questions/batery.png"
        },
        {
            "type": "image",
            "key": "image_question_0_1",
            "url": "assets/images_questions/pasta.png"
        },
        {
            "type": "image",
            "key": "image_question_0_2",
            "url": "/assets/images_questions/oil-to-salad.png"
        },
        {
            "type": "image",
            "key": "image_question_0_3",
            "url": "/assets/images_questions/question.png"
        },
        {
            "type": "image",
            "key": "image_question_0_4",
            "url": "/assets/images_questions/butters.png"
        },
        {
            "type": "image",
            "key": "image_question_0_5",
            "url": "/assets/images_questions/croissant-biscuits.png"
        },


        {
            "type": "image",
            "key": "image_question_1_0",
            "url": "/assets/images_questions/seasonality-circle.png"
        },
        {
            "type": "image",
            "key": "image_answer_1_0",
            "url": "assets/images_questions/cd.png"
        },
        {
            "type": "image",
            "key": "image_question_1_1",
            "url": "/assets/images_questions/seasonality-circle.png"
        },
        {
            "type": "image",
            "key": "image_answer_1_1",
            "url": "assets/images_questions/central.png"
        },
        {
            "type": "image",
            "key": "image_question_1_2",
            "url": "/assets/images_questions/seasonality-circle.png"
        },
        {
            "type": "image",
            "key": "image_question_1_3",
            "url": "/assets/images_questions/seasonality-circle.png"
        },
        {
            "type": "image",
            "key": "image_question_1_4",
            "url": "/assets/images_questions/rice-varieties.jpg"
        },
        {
            "type": "image",
            "key": "image_question_1_5",
            "url": "/assets/images_questions/seasonality-circle.png"
        },
        {
            "type": "image",
            "key": "image_question_1_6",
            "url": "/assets/images_questions/seasonality-circle.png"
        },
        {
            "type": "image",
            "key": "image_question_1_7",
            "url": "/assets/images_questions/seasonality-circle.png"
        },
        {
            "type": "image",
            "key": "image_question_1_8",
            "url": "/assets/images_questions/seasonality-circle.png"
        },
        {
            "type": "image",
            "key": "image_question_1_9",
            "url": "/assets/images_questions/seasonality-circle.png"
        },



        {
            "type": "image",
            "key": "image_question_2_0",
            "url": "assets/images_questions/food-pyramid.png"
        },
        {
            "type": "image",
            "key": "image_answer_2_0",
            "url": "assets/images_questions/answer1.png"
        },
        {
            "type": "image",
            "key": "image_question_2_1",
            "url": "assets/images_questions/food-pyramid.png"
        },
        {
            "type": "image",
            "key": "image_answer_2_1",
            "url": "assets/images_questions/answer1.png"
        },
        {
            "type": "image",
            "key": "image_question_2_2",
            "url": "assets/images_questions/food-pyramid.png"
        },
        {
            "type": "image",
            "key": "image_question_2_3",
            "url": "assets/images_questions/food-pyramid.png"
        },
        {
            "type": "image",
            "key": "image_question_2_4",
            "url": "assets/images_questions/food-pyramid.png"
        },
        {
            "type": "image",
            "key": "image_question_2_5",
            "url": "assets/images_questions/food-pyramid.png"
        },
        {
            "type": "image",
            "key": "image_question_2_6",
            "url": "assets/images_questions/food-pyramid.png"
        },
        {
            "type": "image",
            "key": "image_question_2_7",
            "url": "assets/images_questions/food-pyramid.png"
        },
        {
            "type": "image",
            "key": "image_question_2_8",
            "url": "assets/images_questions/food-pyramid.png"
        },
        {
            "type": "image",
            "key": "image_question_2_9",
            "url": "assets/images_questions/food-pyramid.png"
        },
        {
            "type": "image",
            "key": "image_question_2_10",
            "url": "assets/images_questions/food-pyramid.png"
        },
        {
            "type": "image",
            "key": "image_question_2_11",
            "url": "assets/images_questions/food-pyramid.png"
        },
        {
            "type": "image",
            "key": "image_question_2_12",
            "url": "assets/images_questions/food-pyramid.png"
        },
        {
            "type": "image",
            "key": "image_question_2_13",
            "url": "assets/images_questions/food-pyramid.png"
        },


        {
            "type": "image",
            "key": "image_question_3_0",
            "url": "assets/images_questions/all-fats.png"
        },
        {
            "type": "image",
            "key": "image_answer_3_0",
            "url": "assets/images_questions/answer-fats-1.png"
        },
        {
            "type": "image",
            "key": "image_question_3_1",
            "url": "assets/images_questions/all-fats.png"
        },
        {
            "type": "image",
            "key": "image_answer_3_1",
            "url": "assets/images_questions/answer-fats-2.png"
        },
        {
            "type": "image",
            "key": "image_question_3_2",
            "url": "assets/images_questions/salads_variety.png"
        },
        {
            "type": "image",
            "key": "image_question_3_3",
            "url": "assets/images_questions/weightloss-diet.jpg"
        }
    ],
    "meta": {
        "generated": "1401380327373",
        "app": "Phaser Asset Packer",
        "url": "http://phaser.io",
        "version": "1.0",
        "copyright": "Photon Storm Ltd."
    }
}