{"frames": [

{
	"filename": "01.png",
	"frame": {"x":2,"y":2,"w":8,"h":8},
	"rotated": false,
	"trimmed": false,
	"spriteSourceSize": {"x":0,"y":0,"w":8,"h":8},
	"sourceSize": {"w":8,"h":8}
},
{
	"filename": "02.png",
	"frame": {"x":12,"y":2,"w":8,"h":8},
	"rotated": false,
	"trimmed": false,
	"spriteSourceSize": {"x":0,"y":0,"w":8,"h":8},
	"sourceSize": {"w":8,"h":8}
},
{
	"filename": "03.png",
	"frame": {"x":22,"y":2,"w":8,"h":8},
	"rotated": false,
	"trimmed": false,
	"spriteSourceSize": {"x":0,"y":0,"w":8,"h":8},
	"sourceSize": {"w":8,"h":8}
},
{
	"filename": "04.png",
	"frame": {"x":32,"y":2,"w":8,"h":8},
	"rotated": false,
	"trimmed": false,
	"spriteSourceSize": {"x":0,"y":0,"w":8,"h":8},
	"sourceSize": {"w":8,"h":8}
},
{
	"filename": "05.png",
	"frame": {"x":42,"y":2,"w":8,"h":8},
	"rotated": false,
	"trimmed": false,
	"spriteSourceSize": {"x":0,"y":0,"w":8,"h":8},
	"sourceSize": {"w":8,"h":8}
},
{
	"filename": "06.png",
	"frame": {"x":52,"y":2,"w":8,"h":8},
	"rotated": false,
	"trimmed": false,
	"spriteSourceSize": {"x":0,"y":0,"w":8,"h":8},
	"sourceSize": {"w":8,"h":8}
},
{
	"filename": "07.png",
	"frame": {"x":62,"y":2,"w":8,"h":8},
	"rotated": false,
	"trimmed": false,
	"spriteSourceSize": {"x":0,"y":0,"w":8,"h":8},
	"sourceSize": {"w":8,"h":8}
},
{
	"filename": "08.png",
	"frame": {"x":2,"y":12,"w":8,"h":8},
	"rotated": false,
	"trimmed": false,
	"spriteSourceSize": {"x":0,"y":0,"w":8,"h":8},
	"sourceSize": {"w":8,"h":8}
},
{
	"filename": "09.png",
	"frame": {"x":12,"y":12,"w":8,"h":8},
	"rotated": false,
	"trimmed": false,
	"spriteSourceSize": {"x":0,"y":0,"w":8,"h":8},
	"sourceSize": {"w":8,"h":8}
},
{
	"filename": "10.png",
	"frame": {"x":22,"y":12,"w":8,"h":8},
	"rotated": false,
	"trimmed": false,
	"spriteSourceSize": {"x":0,"y":0,"w":8,"h":8},
	"sourceSize": {"w":8,"h":8}
},
{
	"filename": "11.png",
	"frame": {"x":32,"y":12,"w":8,"h":8},
	"rotated": false,
	"trimmed": false,
	"spriteSourceSize": {"x":0,"y":0,"w":8,"h":8},
	"sourceSize": {"w":8,"h":8}
},
{
	"filename": "12.png",
	"frame": {"x":42,"y":12,"w":8,"h":8},
	"rotated": false,
	"trimmed": false,
	"spriteSourceSize": {"x":0,"y":0,"w":8,"h":8},
	"sourceSize": {"w":8,"h":8}
},
{
	"filename": "13.png",
	"frame": {"x":52,"y":12,"w":8,"h":8},
	"rotated": false,
	"trimmed": false,
	"spriteSourceSize": {"x":0,"y":0,"w":8,"h":8},
	"sourceSize": {"w":8,"h":8}
},
{
	"filename": "14.png",
	"frame": {"x":62,"y":12,"w":8,"h":8},
	"rotated": false,
	"trimmed": false,
	"spriteSourceSize": {"x":0,"y":0,"w":8,"h":8},
	"sourceSize": {"w":8,"h":8}
},
{
	"filename": "15.png",
	"frame": {"x":2,"y":22,"w":8,"h":8},
	"rotated": false,
	"trimmed": false,
	"spriteSourceSize": {"x":0,"y":0,"w":8,"h":8},
	"sourceSize": {"w":8,"h":8}
},
{
	"filename": "16.png",
	"frame": {"x":12,"y":22,"w":8,"h":8},
	"rotated": false,
	"trimmed": false,
	"spriteSourceSize": {"x":0,"y":0,"w":8,"h":8},
	"sourceSize": {"w":8,"h":8}
},
{
	"filename": "17.png",
	"frame": {"x":22,"y":22,"w":8,"h":8},
	"rotated": false,
	"trimmed": false,
	"spriteSourceSize": {"x":0,"y":0,"w":8,"h":8},
	"sourceSize": {"w":8,"h":8}
},
{
	"filename": "18.png",
	"frame": {"x":32,"y":22,"w":8,"h":8},
	"rotated": false,
	"trimmed": false,
	"spriteSourceSize": {"x":0,"y":0,"w":8,"h":8},
	"sourceSize": {"w":8,"h":8}
},
{
	"filename": "19.png",
	"frame": {"x":42,"y":22,"w":8,"h":8},
	"rotated": false,
	"trimmed": false,
	"spriteSourceSize": {"x":0,"y":0,"w":8,"h":8},
	"sourceSize": {"w":8,"h":8}
},
{
	"filename": "20.png",
	"frame": {"x":52,"y":22,"w":8,"h":8},
	"rotated": false,
	"trimmed": false,
	"spriteSourceSize": {"x":0,"y":0,"w":8,"h":8},
	"sourceSize": {"w":8,"h":8}
},
{
	"filename": "21.png",
	"frame": {"x":62,"y":22,"w":8,"h":8},
	"rotated": false,
	"trimmed": false,
	"spriteSourceSize": {"x":0,"y":0,"w":8,"h":8},
	"sourceSize": {"w":8,"h":8}
}],
"meta": {
	"app": "http://www.codeandweb.com/texturepacker ",
	"version": "1.0",
	"image": "pixels.png",
	"format": "RGBA8888",
	"size": {"w":72,"h":32},
	"scale": "1",
	"smartupdate": "$TexturePacker:SmartUpdate:2a0be00d2d9b94b1ac5d7c8be4796f0e:3616825d3a247b3061ebcc1748d271b3:b079531edca1351a836d2e96341fd2be$"
}
}
