 {
	  "tileNames": [ "empty", "quest", "path-simple", "start", "path-q1", "path-q2", "path-q3", 
				"target-1", "target-2-player", "target-3", "target-4-player", "path-q4", "path-cook-action", "path-shop-action"],
  	"tileMapOld": [
		[ 0,0,0,0,0,0,0,15,0,0,0,0,0,0 , 0,0,0,0,0,0,0,15,0,0,0,0,0,0 ],
		[ 0,0,0,0,0,0,0,2,0,0,0,0,0,0 , 0,0,0,0,0,0,0,2,0,0,0,0,0,0 ],
		[ 0,0,0,0,0,0,0,2,0,0,0,0,0,0 ,  0,0,0,0,0,0,0,2,0,0,0,0,0,0 ],
  		[ 0,0,5,6,4,2,2,0,2,6,5,4,0,0 , 0,0,5,6,4,2,2,0,2,6,5,4,0,0 ],
  		[ 0,1,0,0,0,0,0,0,0,0,0,0,1,0 , 0,1,0,0,0,0,0,0,0,0,0,0,1,0],
  		[ 4,0,6,0,0,0,0,0,0,0,0,6,0,6 ,4,0,6,0,0,0,0,0,0,0,0,6,0,6],
  		[ 5,0,0,5,0,0,0,0,0,9,8,0,0,4 , 5,0,0,5,0,0,0,0,0,9,8,0,0,4],
  		[ 6,0,0,0,4,0,0,0,0,10,7,0,0,5 , 6,0,0,0,4,0,0,0,0,10,7,0,0,5],
		[ 2,0,0,0,0,2,0,0,2,0,0,0,0,2 , 2,0,0,0,0,2,0,0,2,0,0,0,0,2],
		[ 2,0,0,0,0,0,15,2,0,0,0,0,0,2 , 2,0,0,0,0,0,15,2,0,0,0,0,0,2],
		[ 2,0,0,0,0,0,2,15,0,0,0,0,0,2 , 2,0,0,0,0,0,2,15,0,0,0,0,0,2],
		[ 2,0,0,0,0,2,0,0,2,0,0,0,0,2 , 2,0,0,0,0,2,0,0,2,0,0,0,0,2],
		[ 4,0,0,13,12,0,0,0,0,4,0,0,0,4 , 4,0,0,13,12,0,0,0,0,4,0,0,0,4],
		[ 6,0,0,14,11,0,0,0,0,0,5,0,0,5 , 6,0,0,14,11,0,0,0,0,0,5,0,0,5],
		[ 5,0,6,0,0,0,0,0,0,0,0,6,0,6 , 5,0,6,0,0,0,0,0,0,0,0,6,0,6 ],
		[ 0,1,0,0,0,0,0,0,0,0,0,0,1,0 , 0,1,0,0,0,0,0,0,0,0,0,0,1,0],
		[ 0,0,4,5,6,2,0,2,2,4,5,6,0,0 ,  0,0,4,5,6,2,0,2,2,4,5,6,0,0],
		[ 0,0,0,0,0,0,2,0,0,0,0,0,0,0, 0,0,0,0,0,0,2,0,0,0,0,0,0,0],
		[ 0,0,0,0,0,0,2,0,0,0,0,0,0,0 , 0,0,0,0,0,0,2,0,0,0,0,0,0,0],
		[ 0,0,0,0,0,0,0,15,0,0,0,0,0,0 , 0,0,0,0,0,0,0,15,0,0,0,0,0,0 ],
		[ 0,0,0,0,0,0,0,2,0,0,0,0,0,0 , 0,0,0,0,0,0,0,2,0,0,0,0,0,0 ],
		[ 0,0,0,0,0,0,0,2,0,0,0,0,0,0 ,  0,0,0,0,0,0,0,2,0,0,0,0,0,0 ],
  		[ 0,0,5,6,4,2,2,0,2,6,5,4,0,0 , 0,0,5,6,4,2,2,0,2,6,5,4,0,0 ],
  		[ 0,1,0,0,0,0,0,0,0,0,0,0,1,0 , 0,1,0,0,0,0,0,0,0,0,0,0,1,0],
  		[ 4,0,6,0,0,0,0,0,0,0,0,6,0,6 ,4,0,6,0,0,0,0,0,0,0,0,6,0,6],
  		[ 5,0,0,5,0,0,0,0,0,9,8,0,0,4 , 5,0,0,5,0,0,0,0,0,9,8,0,0,4],
  		[ 6,0,0,0,4,0,0,0,0,10,7,0,0,5 , 6,0,0,0,4,0,0,0,0,10,7,0,0,5],
		[ 2,0,0,0,0,2,0,0,2,0,0,0,0,2 , 2,0,0,0,0,2,0,0,2,0,0,0,0,2],
		[ 2,0,0,0,0,0,15,2,0,0,0,0,0,2 , 2,0,0,0,0,0,15,2,0,0,0,0,0,2],
		[ 2,0,0,0,0,0,2,15,0,0,0,0,0,2 , 2,0,0,0,0,0,2,15,0,0,0,0,0,2],
		[ 2,0,0,0,0,2,0,0,2,0,0,0,0,2 , 2,0,0,0,0,2,0,0,2,0,0,0,0,2],
		[ 4,0,0,13,12,0,0,0,0,4,0,0,0,4 , 4,0,0,13,12,0,0,0,0,4,0,0,0,4],
		[ 6,0,0,14,11,0,0,0,0,0,5,0,0,5 , 6,0,0,14,11,0,0,0,0,0,5,0,0,5],
		[ 5,0,6,0,0,0,0,0,0,0,0,6,0,6 , 5,0,6,0,0,0,0,0,0,0,0,6,0,6 ],
		[ 0,1,0,0,0,0,0,0,0,0,0,0,1,0 , 0,1,0,0,0,0,0,0,0,0,0,0,1,0],
		[ 0,0,4,5,6,2,0,2,2,4,5,6,0,0 ,  0,0,4,5,6,2,0,2,2,4,5,6,0,0],
		[ 0,0,0,0,0,0,2,0,0,0,0,0,0,0, 0,0,0,0,0,0,2,0,0,0,0,0,0,0],
		[ 0,0,0,0,0,0,2,0,0,0,0,0,0,0 , 0,0,0,0,0,0,2,0,0,0,0,0,0,0]
	  ],

	  "tileMap": [
		[ 0,0,0,0,0,0,0,0,0,0,0,0,11,0,0,0,0,0,0 ],
		[ 0,0,0,0,0,0,0,0,0,0,0,0,2,0,0,0,0,0,0 ],
		[ 0,0,0,0,0,0,0,0,0,0,0,0,2,0,0,0,0,0,0 ],
  		[ 0,0,0,0,0,0,0,5,6,4,2,12,0,13,6,5,4,0,0 ],
  		[ 0,0,0,0,0,0,1,0,0,0,0,0,0,0,0,0,0,1,0 ],
  		[ 0,0,0,0,0,4,0,6,0,0,0,0,0,0,0,0,6,0,6 ],
  		[ 0,0,0,0,0,5,0,0,5,0,0,0,0,0,0,13,0,0,4 ],
  		[ 0,0,0,0,0,6,0,0,0,4,0,0,0,0,12,0,0,0,5 ],
		[ 0,0,0,0,0,2,0,0,0,0,2,0,0,2,0,0,0,0,2 ],
		[ 0,0,0,0,0,12,0,0,0,0,0,9,8,0,0,0,0,0,13 ],
		[ 0,0,0,0,0,13,0,0,0,0,0,10,7,0,0,0,0,0,12],
		[ 0,0,0,0,0,2,0,0,0,0,2,0,0,2,0,0,0,0,2 ],
		[ 0,0,0,0,0,4,0,0,0,13,0,0,0,0,4,0,0,0,4 ],
		[ 0,0,0,0,0,6,0,0,12,0,0,0,0,0,0,5,0,0,5 ],
		[ 0,0,0,0,0,5,0,6,0,0,0,0,0,0,0,0,6,0,6 ],
		[ 0,0,0,0,0,0,1,0,0,0,0,0,0,0,0,0,0,1,0 ],
		[ 0,0,0,0,0,0,0,4,5,6,13,0,12,2,4,5,6,0,0 ],
		[ 0,0,0,0,0,0,0,0,0,0,0,2,0,0,0,0,0,0,0 ],
		[ 0,0,0,0,0,0,0,0,0,0,0,2,0,0,0,0,0,0,0 ],
		[ 0,0,0,0,0,0,0,0,0,0,0,11,0,0,0,0,0,0,0 ]
  	],
	  
	  "recipe":{
		"0":{ "step": "Ανακατέψτε τα αυγά και καρυκεύστε τα καλά με αλάτι και πιπέρι.", "points":[10,10,10] },
		"1":{ "step": "Ζεστάνετε το λάδι και το βούτυρο σε ένα αντικολλητικό τηγάνι πάνω σε μέτρια-χαμηλή φωτιά", "points" :[20,20,20] },
		"2":[ "Περιμένετε μέχρι να λιώσει το βούτυρο και αφρίζει" ],
		"3":[ "Ρίχνουμε τα αυγά στο τηγάνι, γείρετε το τηγάνι τόσο ελαφρά από τη μία πλευρά στην άλλη ώστε τα αυγά να στροβιλίζονται και να καλύπτεται πλήρως η επιφάνεια του τηγανιού"]
	  },

	  "recipe_cook":{
		"0":{ "step": "-?- τα αυγά και -?- τα καλά με αλάτι και πιπέρι.", "actions":["stir","season"]},
		"1":{ "step": "-?- το λάδι και το βούτυρο σε ένα -?- πάνω σε μέτρια-χαμηλή φωτιά",  "actions":["heat","frying"] }
	  },

	  "recipe_shopper":{
		"0":{ "step": "Ανακατέψτε τα -?- και καρυκεύστε τα καλά με -?-.", "actions":["eggs","salt & pepper"]},
		"1":{ "step": "Ζεστάνετε το -?- και το βούτυρο σε ένα αντικολλητικό -?- πάνω σε μέτρια-χαμηλή φωτιά",  "actions":["oil","pan"]}
	  },


	  "steps" : ["Season the beaten eggs well with salt and pepper. Heat the oil and butter in a non-stick frying pan over a medium-low heat until the butter has melted and is foaming",

		"Pour the eggs into the pan, tilt the pan ever so slightly from one side to another to allow the eggs to swirl and cover the surface of the pan completely. Cook for about 20 seconds then scrape a line through the middle with a spatula",
		
		"Tilt the pan again to allow it to fill back up with the runny egg. Repeat once or twice more until the egg has just set",

		"Now you can fill the omelette with whatever you like – some grated cheese or smoked salmon all work well. Scatter the filling over the top of the omelette and fold gently in half with the spatula. Slide onto a plate to serve."]



}